{"trial_id": "08", "hyperparameters": {"space": [{"class_name": "Int", "config": {"name": "units_layer1", "default": null, "conditions": [], "min_value": 64, "max_value": 256, "step": 32, "sampling": "linear"}}, {"class_name": "Choice", "config": {"name": "l2_reg", "default": 0.001, "conditions": [], "values": [0.001, 0.01, 0.1], "ordered": true}}, {"class_name": "Int", "config": {"name": "num_hidden_layers", "default": null, "conditions": [], "min_value": 7, "max_value": 9, "step": 1, "sampling": "linear"}}, {"class_name": "Int", "config": {"name": "units_layer2", "default": null, "conditions": [], "min_value": 32, "max_value": 128, "step": 16, "sampling": "linear"}}, {"class_name": "Float", "config": {"name": "dropout_rate", "default": 0.1, "conditions": [], "min_value": 0.1, "max_value": 0.5, "step": 0.1, "sampling": "linear"}}, {"class_name": "Int", "config": {"name": "units_layer3", "default": null, "conditions": [], "min_value": 32, "max_value": 128, "step": 16, "sampling": "linear"}}, {"class_name": "Int", "config": {"name": "units_layer4", "default": null, "conditions": [], "min_value": 32, "max_value": 128, "step": 16, "sampling": "linear"}}, {"class_name": "Int", "config": {"name": "units_layer5", "default": null, "conditions": [], "min_value": 32, "max_value": 128, "step": 16, "sampling": "linear"}}, {"class_name": "Int", "config": {"name": "units_layer6", "default": null, "conditions": [], "min_value": 32, "max_value": 128, "step": 16, "sampling": "linear"}}, {"class_name": "Int", "config": {"name": "units_layer7", "default": null, "conditions": [], "min_value": 32, "max_value": 128, "step": 16, "sampling": "linear"}}, {"class_name": "Int", "config": {"name": "units_layer8", "default": null, "conditions": [], "min_value": 32, "max_value": 128, "step": 16, "sampling": "linear"}}, {"class_name": "Choice", "config": {"name": "learning_rate", "default": 0.01, "conditions": [], "values": [0.01, 0.001, 0.0001], "ordered": true}}, {"class_name": "Int", "config": {"name": "units_layer9", "default": null, "conditions": [], "min_value": 32, "max_value": 128, "step": 16, "sampling": "linear"}}], "values": {"units_layer1": 64, "l2_reg": 0.001, "num_hidden_layers": 7, "units_layer2": 64, "dropout_rate": 0.4, "units_layer3": 32, "units_layer4": 32, "units_layer5": 48, "units_layer6": 128, "units_layer7": 64, "units_layer8": 32, "learning_rate": 0.01, "units_layer9": 64}}, "metrics": {"metrics": {"loss": {"direction": "min", "observations": [{"value": [0.6667211651802063], "step": 53}]}, "mae": {"direction": "min", "observations": [{"value": [0.5810306072235107], "step": 53}]}, "mape": {"direction": "min", "observations": [{"value": [294.1492614746094], "step": 53}]}, "val_loss": {"direction": "min", "observations": [{"value": [0.5790874361991882], "step": 53}]}, "val_mae": {"direction": "min", "observations": [{"value": [0.5219790935516357], "step": 53}]}, "val_mape": {"direction": "min", "observations": [{"value": [249.62283325195312], "step": 53}]}}}, "score": 0.5790874361991882, "best_step": 53, "status": "COMPLETED", "message": null}