{"trial_id": "06", "hyperparameters": {"space": [{"class_name": "Int", "config": {"name": "units_layer1", "default": null, "conditions": [], "min_value": 64, "max_value": 256, "step": 32, "sampling": "linear"}}, {"class_name": "Choice", "config": {"name": "l2_reg", "default": 0.001, "conditions": [], "values": [0.001, 0.01, 0.1], "ordered": true}}, {"class_name": "Int", "config": {"name": "num_hidden_layers", "default": null, "conditions": [], "min_value": 7, "max_value": 9, "step": 1, "sampling": "linear"}}, {"class_name": "Int", "config": {"name": "units_layer2", "default": null, "conditions": [], "min_value": 32, "max_value": 128, "step": 16, "sampling": "linear"}}, {"class_name": "Float", "config": {"name": "dropout_rate", "default": 0.1, "conditions": [], "min_value": 0.1, "max_value": 0.5, "step": 0.1, "sampling": "linear"}}, {"class_name": "Int", "config": {"name": "units_layer3", "default": null, "conditions": [], "min_value": 32, "max_value": 128, "step": 16, "sampling": "linear"}}, {"class_name": "Int", "config": {"name": "units_layer4", "default": null, "conditions": [], "min_value": 32, "max_value": 128, "step": 16, "sampling": "linear"}}, {"class_name": "Int", "config": {"name": "units_layer5", "default": null, "conditions": [], "min_value": 32, "max_value": 128, "step": 16, "sampling": "linear"}}, {"class_name": "Int", "config": {"name": "units_layer6", "default": null, "conditions": [], "min_value": 32, "max_value": 128, "step": 16, "sampling": "linear"}}, {"class_name": "Int", "config": {"name": "units_layer7", "default": null, "conditions": [], "min_value": 32, "max_value": 128, "step": 16, "sampling": "linear"}}, {"class_name": "Int", "config": {"name": "units_layer8", "default": null, "conditions": [], "min_value": 32, "max_value": 128, "step": 16, "sampling": "linear"}}, {"class_name": "Choice", "config": {"name": "learning_rate", "default": 0.01, "conditions": [], "values": [0.01, 0.001, 0.0001], "ordered": true}}, {"class_name": "Int", "config": {"name": "units_layer9", "default": null, "conditions": [], "min_value": 32, "max_value": 128, "step": 16, "sampling": "linear"}}], "values": {"units_layer1": 96, "l2_reg": 0.1, "num_hidden_layers": 7, "units_layer2": 96, "dropout_rate": 0.2, "units_layer3": 112, "units_layer4": 64, "units_layer5": 80, "units_layer6": 112, "units_layer7": 96, "units_layer8": 96, "learning_rate": 0.0001, "units_layer9": 112}}, "metrics": {"metrics": {"loss": {"direction": "min", "observations": [{"value": [0.9972918629646301], "step": 190}]}, "mae": {"direction": "min", "observations": [{"value": [0.781870424747467], "step": 190}]}, "mape": {"direction": "min", "observations": [{"value": [101.66519165039062], "step": 190}]}, "val_loss": {"direction": "min", "observations": [{"value": [1.011594295501709], "step": 190}]}, "val_mae": {"direction": "min", "observations": [{"value": [0.7887786626815796], "step": 190}]}, "val_mape": {"direction": "min", "observations": [{"value": [100.22023010253906], "step": 190}]}}}, "score": 1.011594295501709, "best_step": 190, "status": "COMPLETED", "message": null}