{"trial_id": "07", "hyperparameters": {"space": [{"class_name": "Int", "config": {"name": "units_layer1", "default": null, "conditions": [], "min_value": 64, "max_value": 256, "step": 32, "sampling": "linear"}}, {"class_name": "Choice", "config": {"name": "l2_reg", "default": 0.001, "conditions": [], "values": [0.001, 0.01, 0.1], "ordered": true}}, {"class_name": "Int", "config": {"name": "num_hidden_layers", "default": null, "conditions": [], "min_value": 7, "max_value": 9, "step": 1, "sampling": "linear"}}, {"class_name": "Int", "config": {"name": "units_layer2", "default": null, "conditions": [], "min_value": 32, "max_value": 128, "step": 16, "sampling": "linear"}}, {"class_name": "Float", "config": {"name": "dropout_rate", "default": 0.1, "conditions": [], "min_value": 0.1, "max_value": 0.5, "step": 0.1, "sampling": "linear"}}, {"class_name": "Int", "config": {"name": "units_layer3", "default": null, "conditions": [], "min_value": 32, "max_value": 128, "step": 16, "sampling": "linear"}}, {"class_name": "Int", "config": {"name": "units_layer4", "default": null, "conditions": [], "min_value": 32, "max_value": 128, "step": 16, "sampling": "linear"}}, {"class_name": "Int", "config": {"name": "units_layer5", "default": null, "conditions": [], "min_value": 32, "max_value": 128, "step": 16, "sampling": "linear"}}, {"class_name": "Int", "config": {"name": "units_layer6", "default": null, "conditions": [], "min_value": 32, "max_value": 128, "step": 16, "sampling": "linear"}}, {"class_name": "Int", "config": {"name": "units_layer7", "default": null, "conditions": [], "min_value": 32, "max_value": 128, "step": 16, "sampling": "linear"}}, {"class_name": "Int", "config": {"name": "units_layer8", "default": null, "conditions": [], "min_value": 32, "max_value": 128, "step": 16, "sampling": "linear"}}, {"class_name": "Choice", "config": {"name": "learning_rate", "default": 0.01, "conditions": [], "values": [0.01, 0.001, 0.0001], "ordered": true}}, {"class_name": "Int", "config": {"name": "units_layer9", "default": null, "conditions": [], "min_value": 32, "max_value": 128, "step": 16, "sampling": "linear"}}], "values": {"units_layer1": 256, "l2_reg": 0.01, "num_hidden_layers": 7, "units_layer2": 64, "dropout_rate": 0.5, "units_layer3": 64, "units_layer4": 80, "units_layer5": 112, "units_layer6": 112, "units_layer7": 32, "units_layer8": 128, "learning_rate": 0.01, "units_layer9": 32}}, "metrics": {"metrics": {"loss": {"direction": "min", "observations": [{"value": [0.9979062080383301], "step": 162}]}, "mae": {"direction": "min", "observations": [{"value": [0.7818193435668945], "step": 162}]}, "mape": {"direction": "min", "observations": [{"value": [106.33358764648438], "step": 162}]}, "val_loss": {"direction": "min", "observations": [{"value": [1.0111037492752075], "step": 162}]}, "val_mae": {"direction": "min", "observations": [{"value": [0.7892941832542419], "step": 162}]}, "val_mape": {"direction": "min", "observations": [{"value": [104.63969421386719], "step": 162}]}}}, "score": 1.0111037492752075, "best_step": 162, "status": "COMPLETED", "message": null}