{"trial_id": "03", "hyperparameters": {"space": [{"class_name": "Int", "config": {"name": "units_layer1", "default": null, "conditions": [], "min_value": 64, "max_value": 256, "step": 32, "sampling": "linear"}}, {"class_name": "Choice", "config": {"name": "l2_reg", "default": 0.001, "conditions": [], "values": [0.001, 0.01, 0.1], "ordered": true}}, {"class_name": "Int", "config": {"name": "num_hidden_layers", "default": null, "conditions": [], "min_value": 7, "max_value": 9, "step": 1, "sampling": "linear"}}, {"class_name": "Int", "config": {"name": "units_layer2", "default": null, "conditions": [], "min_value": 32, "max_value": 128, "step": 16, "sampling": "linear"}}, {"class_name": "Float", "config": {"name": "dropout_rate", "default": 0.1, "conditions": [], "min_value": 0.1, "max_value": 0.5, "step": 0.1, "sampling": "linear"}}, {"class_name": "Int", "config": {"name": "units_layer3", "default": null, "conditions": [], "min_value": 32, "max_value": 128, "step": 16, "sampling": "linear"}}, {"class_name": "Int", "config": {"name": "units_layer4", "default": null, "conditions": [], "min_value": 32, "max_value": 128, "step": 16, "sampling": "linear"}}, {"class_name": "Int", "config": {"name": "units_layer5", "default": null, "conditions": [], "min_value": 32, "max_value": 128, "step": 16, "sampling": "linear"}}, {"class_name": "Int", "config": {"name": "units_layer6", "default": null, "conditions": [], "min_value": 32, "max_value": 128, "step": 16, "sampling": "linear"}}, {"class_name": "Int", "config": {"name": "units_layer7", "default": null, "conditions": [], "min_value": 32, "max_value": 128, "step": 16, "sampling": "linear"}}, {"class_name": "Int", "config": {"name": "units_layer8", "default": null, "conditions": [], "min_value": 32, "max_value": 128, "step": 16, "sampling": "linear"}}, {"class_name": "Choice", "config": {"name": "learning_rate", "default": 0.01, "conditions": [], "values": [0.01, 0.001, 0.0001], "ordered": true}}, {"class_name": "Int", "config": {"name": "units_layer9", "default": null, "conditions": [], "min_value": 32, "max_value": 128, "step": 16, "sampling": "linear"}}], "values": {"units_layer1": 160, "l2_reg": 0.01, "num_hidden_layers": 8, "units_layer2": 64, "dropout_rate": 0.1, "units_layer3": 80, "units_layer4": 128, "units_layer5": 64, "units_layer6": 80, "units_layer7": 96, "units_layer8": 32, "learning_rate": 0.001, "units_layer9": 112}}, "metrics": {"metrics": {"loss": {"direction": "min", "observations": [{"value": [0.5620474815368652], "step": 172}]}, "mae": {"direction": "min", "observations": [{"value": [0.49244609475135803], "step": 172}]}, "mape": {"direction": "min", "observations": [{"value": [289.5554504394531], "step": 172}]}, "val_loss": {"direction": "min", "observations": [{"value": [0.5642914175987244], "step": 172}]}, "val_mae": {"direction": "min", "observations": [{"value": [0.4786948263645172], "step": 172}]}, "val_mape": {"direction": "min", "observations": [{"value": [246.33470153808594], "step": 172}]}}}, "score": 0.5642914175987244, "best_step": 172, "status": "COMPLETED", "message": null}