{"trial_id": "05", "hyperparameters": {"space": [{"class_name": "Int", "config": {"name": "units_layer1", "default": null, "conditions": [], "min_value": 64, "max_value": 256, "step": 32, "sampling": "linear"}}, {"class_name": "Choice", "config": {"name": "l2_reg", "default": 0.001, "conditions": [], "values": [0.001, 0.01, 0.1], "ordered": true}}, {"class_name": "Int", "config": {"name": "num_hidden_layers", "default": null, "conditions": [], "min_value": 7, "max_value": 9, "step": 1, "sampling": "linear"}}, {"class_name": "Int", "config": {"name": "units_layer2", "default": null, "conditions": [], "min_value": 32, "max_value": 128, "step": 16, "sampling": "linear"}}, {"class_name": "Float", "config": {"name": "dropout_rate", "default": 0.1, "conditions": [], "min_value": 0.1, "max_value": 0.5, "step": 0.1, "sampling": "linear"}}, {"class_name": "Int", "config": {"name": "units_layer3", "default": null, "conditions": [], "min_value": 32, "max_value": 128, "step": 16, "sampling": "linear"}}, {"class_name": "Int", "config": {"name": "units_layer4", "default": null, "conditions": [], "min_value": 32, "max_value": 128, "step": 16, "sampling": "linear"}}, {"class_name": "Int", "config": {"name": "units_layer5", "default": null, "conditions": [], "min_value": 32, "max_value": 128, "step": 16, "sampling": "linear"}}, {"class_name": "Int", "config": {"name": "units_layer6", "default": null, "conditions": [], "min_value": 32, "max_value": 128, "step": 16, "sampling": "linear"}}, {"class_name": "Int", "config": {"name": "units_layer7", "default": null, "conditions": [], "min_value": 32, "max_value": 128, "step": 16, "sampling": "linear"}}, {"class_name": "Int", "config": {"name": "units_layer8", "default": null, "conditions": [], "min_value": 32, "max_value": 128, "step": 16, "sampling": "linear"}}, {"class_name": "Choice", "config": {"name": "learning_rate", "default": 0.01, "conditions": [], "values": [0.01, 0.001, 0.0001], "ordered": true}}, {"class_name": "Int", "config": {"name": "units_layer9", "default": null, "conditions": [], "min_value": 32, "max_value": 128, "step": 16, "sampling": "linear"}}], "values": {"units_layer1": 160, "l2_reg": 0.1, "num_hidden_layers": 7, "units_layer2": 96, "dropout_rate": 0.2, "units_layer3": 96, "units_layer4": 32, "units_layer5": 96, "units_layer6": 96, "units_layer7": 32, "units_layer8": 112, "learning_rate": 0.01, "units_layer9": 128}}, "metrics": {"metrics": {"loss": {"direction": "min", "observations": [{"value": [0.99761962890625], "step": 17}]}, "mae": {"direction": "min", "observations": [{"value": [0.780695915222168], "step": 17}]}, "mape": {"direction": "min", "observations": [{"value": [104.96383666992188], "step": 17}]}, "val_loss": {"direction": "min", "observations": [{"value": [1.0110828876495361], "step": 17}]}, "val_mae": {"direction": "min", "observations": [{"value": [0.7896995544433594], "step": 17}]}, "val_mape": {"direction": "min", "observations": [{"value": [102.78882598876953], "step": 17}]}}}, "score": 1.0110828876495361, "best_step": 17, "status": "COMPLETED", "message": null}