{"trial_id": "01", "hyperparameters": {"space": [{"class_name": "Int", "config": {"name": "units_layer1", "default": null, "conditions": [], "min_value": 64, "max_value": 256, "step": 32, "sampling": "linear"}}, {"class_name": "Choice", "config": {"name": "l2_reg", "default": 0.001, "conditions": [], "values": [0.001, 0.01, 0.1], "ordered": true}}, {"class_name": "Int", "config": {"name": "num_hidden_layers", "default": null, "conditions": [], "min_value": 7, "max_value": 9, "step": 1, "sampling": "linear"}}, {"class_name": "Int", "config": {"name": "units_layer2", "default": null, "conditions": [], "min_value": 32, "max_value": 128, "step": 16, "sampling": "linear"}}, {"class_name": "Float", "config": {"name": "dropout_rate", "default": 0.1, "conditions": [], "min_value": 0.1, "max_value": 0.5, "step": 0.1, "sampling": "linear"}}, {"class_name": "Int", "config": {"name": "units_layer3", "default": null, "conditions": [], "min_value": 32, "max_value": 128, "step": 16, "sampling": "linear"}}, {"class_name": "Int", "config": {"name": "units_layer4", "default": null, "conditions": [], "min_value": 32, "max_value": 128, "step": 16, "sampling": "linear"}}, {"class_name": "Int", "config": {"name": "units_layer5", "default": null, "conditions": [], "min_value": 32, "max_value": 128, "step": 16, "sampling": "linear"}}, {"class_name": "Int", "config": {"name": "units_layer6", "default": null, "conditions": [], "min_value": 32, "max_value": 128, "step": 16, "sampling": "linear"}}, {"class_name": "Int", "config": {"name": "units_layer7", "default": null, "conditions": [], "min_value": 32, "max_value": 128, "step": 16, "sampling": "linear"}}, {"class_name": "Int", "config": {"name": "units_layer8", "default": null, "conditions": [], "min_value": 32, "max_value": 128, "step": 16, "sampling": "linear"}}, {"class_name": "Choice", "config": {"name": "learning_rate", "default": 0.01, "conditions": [], "values": [0.01, 0.001, 0.0001], "ordered": true}}, {"class_name": "Int", "config": {"name": "units_layer9", "default": null, "conditions": [], "min_value": 32, "max_value": 128, "step": 16, "sampling": "linear"}}], "values": {"units_layer1": 192, "l2_reg": 0.001, "num_hidden_layers": 8, "units_layer2": 32, "dropout_rate": 0.1, "units_layer3": 112, "units_layer4": 32, "units_layer5": 112, "units_layer6": 32, "units_layer7": 32, "units_layer8": 128, "learning_rate": 0.001, "units_layer9": 32}}, "metrics": {"metrics": {"loss": {"direction": "min", "observations": [{"value": [0.4158738851547241], "step": 181}]}, "mae": {"direction": "min", "observations": [{"value": [0.4191395342350006], "step": 181}]}, "mape": {"direction": "min", "observations": [{"value": [217.41627502441406], "step": 181}]}, "val_loss": {"direction": "min", "observations": [{"value": [0.40684273838996887], "step": 181}]}, "val_mae": {"direction": "min", "observations": [{"value": [0.39853063225746155], "step": 181}]}, "val_mape": {"direction": "min", "observations": [{"value": [176.81797790527344], "step": 181}]}}}, "score": 0.40684273838996887, "best_step": 181, "status": "COMPLETED", "message": null}