{"trial_id": "02", "hyperparameters": {"space": [{"class_name": "Int", "config": {"name": "units_layer1", "default": null, "conditions": [], "min_value": 64, "max_value": 256, "step": 32, "sampling": "linear"}}, {"class_name": "Choice", "config": {"name": "l2_reg", "default": 0.001, "conditions": [], "values": [0.001, 0.01, 0.1], "ordered": true}}, {"class_name": "Int", "config": {"name": "num_hidden_layers", "default": null, "conditions": [], "min_value": 7, "max_value": 9, "step": 1, "sampling": "linear"}}, {"class_name": "Int", "config": {"name": "units_layer2", "default": null, "conditions": [], "min_value": 32, "max_value": 128, "step": 16, "sampling": "linear"}}, {"class_name": "Float", "config": {"name": "dropout_rate", "default": 0.1, "conditions": [], "min_value": 0.1, "max_value": 0.5, "step": 0.1, "sampling": "linear"}}, {"class_name": "Int", "config": {"name": "units_layer3", "default": null, "conditions": [], "min_value": 32, "max_value": 128, "step": 16, "sampling": "linear"}}, {"class_name": "Int", "config": {"name": "units_layer4", "default": null, "conditions": [], "min_value": 32, "max_value": 128, "step": 16, "sampling": "linear"}}, {"class_name": "Int", "config": {"name": "units_layer5", "default": null, "conditions": [], "min_value": 32, "max_value": 128, "step": 16, "sampling": "linear"}}, {"class_name": "Int", "config": {"name": "units_layer6", "default": null, "conditions": [], "min_value": 32, "max_value": 128, "step": 16, "sampling": "linear"}}, {"class_name": "Int", "config": {"name": "units_layer7", "default": null, "conditions": [], "min_value": 32, "max_value": 128, "step": 16, "sampling": "linear"}}, {"class_name": "Int", "config": {"name": "units_layer8", "default": null, "conditions": [], "min_value": 32, "max_value": 128, "step": 16, "sampling": "linear"}}, {"class_name": "Choice", "config": {"name": "learning_rate", "default": 0.01, "conditions": [], "values": [0.01, 0.001, 0.0001], "ordered": true}}, {"class_name": "Int", "config": {"name": "units_layer9", "default": null, "conditions": [], "min_value": 32, "max_value": 128, "step": 16, "sampling": "linear"}}], "values": {"units_layer1": 256, "l2_reg": 0.001, "num_hidden_layers": 8, "units_layer2": 128, "dropout_rate": 0.2, "units_layer3": 96, "units_layer4": 96, "units_layer5": 96, "units_layer6": 112, "units_layer7": 80, "units_layer8": 32, "learning_rate": 0.001, "units_layer9": 64}}, "metrics": {"metrics": {"loss": {"direction": "min", "observations": [{"value": [0.4245092570781708], "step": 160}]}, "mae": {"direction": "min", "observations": [{"value": [0.43164730072021484], "step": 160}]}, "mape": {"direction": "min", "observations": [{"value": [222.6526336669922], "step": 160}]}, "val_loss": {"direction": "min", "observations": [{"value": [0.4171062111854553], "step": 160}]}, "val_mae": {"direction": "min", "observations": [{"value": [0.4075847864151001], "step": 160}]}, "val_mape": {"direction": "min", "observations": [{"value": [186.54368591308594], "step": 160}]}}}, "score": 0.4171062111854553, "best_step": 160, "status": "COMPLETED", "message": null}