{"trial_id": "09", "hyperparameters": {"space": [{"class_name": "Int", "config": {"name": "units_layer1", "default": null, "conditions": [], "min_value": 64, "max_value": 256, "step": 32, "sampling": "linear"}}, {"class_name": "Choice", "config": {"name": "l2_reg", "default": 0.001, "conditions": [], "values": [0.001, 0.01, 0.1], "ordered": true}}, {"class_name": "Int", "config": {"name": "num_hidden_layers", "default": null, "conditions": [], "min_value": 7, "max_value": 9, "step": 1, "sampling": "linear"}}, {"class_name": "Int", "config": {"name": "units_layer2", "default": null, "conditions": [], "min_value": 32, "max_value": 128, "step": 16, "sampling": "linear"}}, {"class_name": "Float", "config": {"name": "dropout_rate", "default": 0.1, "conditions": [], "min_value": 0.1, "max_value": 0.5, "step": 0.1, "sampling": "linear"}}, {"class_name": "Int", "config": {"name": "units_layer3", "default": null, "conditions": [], "min_value": 32, "max_value": 128, "step": 16, "sampling": "linear"}}, {"class_name": "Int", "config": {"name": "units_layer4", "default": null, "conditions": [], "min_value": 32, "max_value": 128, "step": 16, "sampling": "linear"}}, {"class_name": "Int", "config": {"name": "units_layer5", "default": null, "conditions": [], "min_value": 32, "max_value": 128, "step": 16, "sampling": "linear"}}, {"class_name": "Int", "config": {"name": "units_layer6", "default": null, "conditions": [], "min_value": 32, "max_value": 128, "step": 16, "sampling": "linear"}}, {"class_name": "Int", "config": {"name": "units_layer7", "default": null, "conditions": [], "min_value": 32, "max_value": 128, "step": 16, "sampling": "linear"}}, {"class_name": "Int", "config": {"name": "units_layer8", "default": null, "conditions": [], "min_value": 32, "max_value": 128, "step": 16, "sampling": "linear"}}, {"class_name": "Choice", "config": {"name": "learning_rate", "default": 0.01, "conditions": [], "values": [0.01, 0.001, 0.0001], "ordered": true}}, {"class_name": "Int", "config": {"name": "units_layer9", "default": null, "conditions": [], "min_value": 32, "max_value": 128, "step": 16, "sampling": "linear"}}, {"class_name": "Int", "config": {"name": "units_layer10", "default": null, "conditions": [], "min_value": 32, "max_value": 128, "step": 16, "sampling": "linear"}}], "values": {"units_layer1": 128, "l2_reg": 0.01, "num_hidden_layers": 9, "units_layer2": 128, "dropout_rate": 0.30000000000000004, "units_layer3": 128, "units_layer4": 96, "units_layer5": 32, "units_layer6": 32, "units_layer7": 112, "units_layer8": 48, "learning_rate": 0.001, "units_layer9": 32, "units_layer10": 32}}, "metrics": {"metrics": {"loss": {"direction": "min", "observations": [{"value": [0.6249377131462097], "step": 193}]}, "mae": {"direction": "min", "observations": [{"value": [0.5301751494407654], "step": 193}]}, "mape": {"direction": "min", "observations": [{"value": [315.04913330078125], "step": 193}]}, "val_loss": {"direction": "min", "observations": [{"value": [0.5883193612098694], "step": 193}]}, "val_mae": {"direction": "min", "observations": [{"value": [0.4890618622303009], "step": 193}]}, "val_mape": {"direction": "min", "observations": [{"value": [256.3216247558594], "step": 193}]}}}, "score": 0.5883193612098694, "best_step": 193, "status": "COMPLETED", "message": null}