{"ongoing_trials": {}, "hyperparameters": {"space": [{"class_name": "Int", "config": {"name": "units_layer1", "default": null, "conditions": [], "min_value": 64, "max_value": 256, "step": 32, "sampling": "linear"}}, {"class_name": "Choice", "config": {"name": "l2_reg", "default": 0.001, "conditions": [], "values": [0.001, 0.01, 0.1], "ordered": true}}, {"class_name": "Int", "config": {"name": "num_hidden_layers", "default": null, "conditions": [], "min_value": 7, "max_value": 9, "step": 1, "sampling": "linear"}}, {"class_name": "Int", "config": {"name": "units_layer2", "default": null, "conditions": [], "min_value": 32, "max_value": 128, "step": 16, "sampling": "linear"}}, {"class_name": "Float", "config": {"name": "dropout_rate", "default": 0.1, "conditions": [], "min_value": 0.1, "max_value": 0.5, "step": 0.1, "sampling": "linear"}}, {"class_name": "Int", "config": {"name": "units_layer3", "default": null, "conditions": [], "min_value": 32, "max_value": 128, "step": 16, "sampling": "linear"}}, {"class_name": "Int", "config": {"name": "units_layer4", "default": null, "conditions": [], "min_value": 32, "max_value": 128, "step": 16, "sampling": "linear"}}, {"class_name": "Int", "config": {"name": "units_layer5", "default": null, "conditions": [], "min_value": 32, "max_value": 128, "step": 16, "sampling": "linear"}}, {"class_name": "Int", "config": {"name": "units_layer6", "default": null, "conditions": [], "min_value": 32, "max_value": 128, "step": 16, "sampling": "linear"}}, {"class_name": "Int", "config": {"name": "units_layer7", "default": null, "conditions": [], "min_value": 32, "max_value": 128, "step": 16, "sampling": "linear"}}, {"class_name": "Int", "config": {"name": "units_layer8", "default": null, "conditions": [], "min_value": 32, "max_value": 128, "step": 16, "sampling": "linear"}}, {"class_name": "Choice", "config": {"name": "learning_rate", "default": 0.01, "conditions": [], "values": [0.01, 0.001, 0.0001], "ordered": true}}, {"class_name": "Int", "config": {"name": "units_layer9", "default": null, "conditions": [], "min_value": 32, "max_value": 128, "step": 16, "sampling": "linear"}}, {"class_name": "Int", "config": {"name": "units_layer10", "default": null, "conditions": [], "min_value": 32, "max_value": 128, "step": 16, "sampling": "linear"}}], "values": {"units_layer1": 64, "l2_reg": 0.001, "num_hidden_layers": 7, "units_layer2": 32, "dropout_rate": 0.1, "units_layer3": 32, "units_layer4": 32, "units_layer5": 32, "units_layer6": 32, "units_layer7": 32, "units_layer8": 32, "learning_rate": 0.01, "units_layer9": 32, "units_layer10": 32}}, "start_order": ["00", "01", "02", "03", "04", "05", "06", "07", "08", "09"], "end_order": ["00", "01", "02", "03", "04", "05", "06", "07", "08", "09"], "run_times": {"00": 1, "01": 1, "02": 1, "03": 1, "04": 1, "05": 1, "06": 1, "07": 1, "08": 1, "09": 1}, "retry_queue": [], "seed": 9309, "seed_state": 9437, "tried_so_far": ["6fafae77520cbd48df09026d84477eeb", "43eb9ba6142f067569f04dfab7e0db54", "9c9af91e03f84387a4e773ccfaeda3cb", "20b88a1b70067944ecbf31ccffb80471", "88bcbccb9638f38084f57f943ccc3f73", "7816d9981f80f1aa4a88eac9e2549ec9", "2753840fa6921e7f182a63272b872645", "5a0bd25db27fecb4604efbb4c51eb572", "121b22b5c434fbd095b32aa819990c9f", "6ad8677c4dd9fc697062f0a2dd609b5e"], "id_to_hash": {"00": "43eb9ba6142f067569f04dfab7e0db54", "01": "6ad8677c4dd9fc697062f0a2dd609b5e", "02": "5a0bd25db27fecb4604efbb4c51eb572", "03": "2753840fa6921e7f182a63272b872645", "04": "9c9af91e03f84387a4e773ccfaeda3cb", "05": "7816d9981f80f1aa4a88eac9e2549ec9", "06": "88bcbccb9638f38084f57f943ccc3f73", "07": "121b22b5c434fbd095b32aa819990c9f", "08": "20b88a1b70067944ecbf31ccffb80471", "09": "6fafae77520cbd48df09026d84477eeb"}, "display": {"search_start": "2024-11-19T08:14:34.806589", "trial_start": {"00": "2024-11-19T08:14:34.806589", "01": "2024-11-19T08:17:18.603759", "02": "2024-11-19T08:19:35.422625", "03": "2024-11-19T08:22:54.026533", "04": "2024-11-19T08:25:13.192336", "05": "2024-11-19T08:27:26.801028", "06": "2024-11-19T08:29:41.217745", "07": "2024-11-19T08:31:51.886850", "08": "2024-11-19T08:34:25.402124", "09": "2024-11-19T08:36:21.024744"}, "trial_number": {"00": 1, "01": 2, "02": 3, "03": 4, "04": 5, "05": 6, "06": 7, "07": 8, "08": 9, "09": 10}}}